param_name,param_value,mean_fitness,std_fitness,min_fitness,max_fitness,mean_cappv,mean_ebess,mean_total_cost
mutation_rate,0.1,604802825.942284,11372050.951833,597035723.329896,633444256.561394,17094.1,9155.7,29131798.103284
mutation_rate,0.2,599571802.563495,1061282.563262,598071441.342657,601249518.082443,16915.8,9126.4,28851990.089495
mutation_rate,0.3,599538877.057501,1317965.994571,597025898.072419,601419793.918448,16883.9,9145.6,28811092.412501
crossover_rate,0.7,603562997.557136,11315883.101212,597484381.609498,635228877.452707,16829.4,9269.6,28775407.771136
crossover_rate,0.8,603820204.531356,11546468.287161,597262803.446258,635852372.338609,16889.9,9246.0,28857775.897356
crossover_rate,0.9,599941913.010208,1914592.858529,597062557.393166,602902575.248405,16954.0,9122.0,28907933.949208
