param_name,param_value,mean_fitness,std_fitness,min_fitness,max_fitness,mean_cappv,mean_ebess,mean_total_cost
mutation_rate,0.1,604566276.925534,2379255.218088,601949351.391117,607141440.008263,17144.8,9184.2,29218908.277534
mutation_rate,0.2,600797245.890373,2538390.932362,597148691.152725,603852115.521801,17238.0,8984.6,29284615.906373
mutation_rate,0.3,602516240.960392,1165874.915816,600530433.91552,603443147.283119,17159.6,9093.0,29207039.118392
