param_name,param_value,mean_fitness,std_fitness,min_fitness,max_fitness,mean_cappv,mean_ebess,mean_total_cost
mutation_rate,0.1,604802825.942284,11372050.951833,597035723.329896,633444256.561394,17094.1,9155.7,29131798.103284
mutation_rate,0.2,599571802.563495,1061282.563262,598071441.342657,601249518.082443,16915.8,9126.4,28851990.089495
mutation_rate,0.3,599538877.057501,1317965.994571,597025898.072419,601419793.918448,16883.9,9145.6,28811092.412501
