param_name,param_value,mean_fitness,std_fitness,min_fitness,max_fitness,mean_cappv,mean_ebess,mean_total_cost
crossover_rate,0.7,603562997.557136,11315883.101212,597484381.609498,635228877.452707,16829.4,9269.6,28775407.771136
crossover_rate,0.8,603820204.531356,11546468.287161,597262803.446258,635852372.338609,16889.9,9246.0,28857775.897356
crossover_rate,0.9,599941913.010208,1914592.858529,597062557.393166,602902575.248405,16954.0,9122.0,28907933.949208
