param_name,param_value,mean_fitness,std_fitness,min_fitness,max_fitness,mean_cappv,mean_ebess,mean_total_cost
mutation_rate,0.1,604721430.739635,8591730.078287,599183016.110468,614618912.619968,17825.666667,8775.666667,30092312.476301
mutation_rate,0.2,600116275.763099,2025734.979622,598802324.936633,602449184.387079,16933.666667,9151.666667,28888394.959765
mutation_rate,0.3,599986431.041012,2236714.106611,597405910.828149,601369300.909166,16858.666667,9162.666667,28779446.461012
crossover_rate,0.7,599508655.247364,1155044.352795,598782087.770675,600840547.386089,16868.666667,9154.333333,28791398.814031
crossover_rate,0.8,631387723.39817,30799651.399186,599096716.238375,660440072.788176,16282.0,10193.666667,28296502.124836
crossover_rate,0.9,599952765.471445,1995759.963677,598091410.609771,602060123.144236,16874.0,9161.333333,28802063.864778
