param_name,param_value,mean_fitness,std_fitness,min_fitness,max_fitness,mean_cappv,mean_ebess,mean_total_cost
crossover_rate,0.7,612813472.92579,15565469.844019,598167423.032213,633482964.826173,17295.6,9319.2,29496871.84779
crossover_rate,0.8,603009644.073254,3814583.343741,598784506.368668,609238904.024371,17299.6,9028.4,29393899.139254
crossover_rate,0.9,602385884.986349,2627713.587882,599416355.994454,605601703.614825,17424.6,8945.2,29551177.186349
