param_name,param_value,mean_fitness,std_fitness,min_fitness,max_fitness,mean_cappv,mean_ebess,mean_total_cost
mutation_rate,0.1,608134650.468802,14605270.894685,597237861.856939,633788329.782577,16950.0,9323.8,28977552.722802
mutation_rate,0.2,604396673.748668,6347802.595407,600724027.833456,615523245.787832,17790.8,8775.2,30039571.104668
mutation_rate,0.3,601357700.669237,2431327.213173,598294571.569801,604576479.887146,17272.8,8989.8,29339028.753237
