param_name,param_value,mean_fitness,std_fitness,min_fitness,max_fitness,mean_cappv,mean_ebess,mean_total_cost
crossover_rate,0.7,599508655.247364,1155044.352795,598782087.770675,600840547.386089,16868.666667,9154.333333,28791398.814031
crossover_rate,0.8,631387723.39817,30799651.399186,599096716.238375,660440072.788176,16282.0,10193.666667,28296502.124836
crossover_rate,0.9,599952765.471445,1995759.963677,598091410.609771,602060123.144236,16874.0,9161.333333,28802063.864778
